adh_audit_duration_count_view.batch_id,adh_audit_duration_count_view.application_name,adh_audit_duration_count_view.component_type,adh_audit_duration_count_view.start_dt,adh_audit_duration_count_view.end_dt,adh_audit_duration_count_view.duration_min,adh_audit_duration_count_view.total_records,adh_audit_duration_count_view.run_date
0003,ADH1005_source-odoapp-10.2.2.PB2-SNAPSHOT_bulk_ODOAPPBulkCollector_BulkLoadApp,collector.bulk,20190510145735,20190510145932,3.283333333333333,1215538.0,20190510
0037,ADH1005_source-odoapp-10.2.2.PB2-SNAPSHOT_bulk_ODOAPPBulkCollector_BulkLoadApp,collector.bulk,20190513153807,20190513153948,2.35,1215538.0,20190513
0013,ADH1005_datahub-real-time-publisher-10.2.2.PB2-SNAPSHOT_ongoing_RealTimePublisher_Bulk3WithoutLeadingPublisherApp,rtdp.ongoing,20190510164939,20190510164939,0.0,40363.0,20190510
0042,ADH1005_target-aldmb2bfulfillment-10.2.2.PB2-SNAPSHOT__aLDMB2bFulfillmentCompactionJob_CompactionBatchApp,batch.compact,20190513160410,20190513160410,0.0,157427.0,20190513
0041,ADH1005_target-aldmb2bfulfillment-10.2.2.PB2-SNAPSHOT_ingest_aLDMB2bFulfillmentBatchIngestionJob_IngestionBatchApp,batch.ingest,20190513155350,20190513155350,0.0,157427.0,20190513
0018,ADH1005_source-odoref-10.2.2.PB2-SNAPSHOT_bulk_ODOREFBulkCollector_BulkLoadApp,collector.bulk,20190510193437,20190510193437,0.0,1076.0,20190510
0083,ADH1005_source-odoapp-10.2.2.PB2-SNAPSHOT_bulk_ODOAPPBulkCollector_BulkLoadApp,collector.bulk,20190524121435,20190524121638,3.3833333333333333,1215538.0,20190524
0036,ADH1005_source-odoref-10.2.2.PB2-SNAPSHOT_bulk_ODOREFBulkCollector_BulkLoadApp,collector.bulk,20190513153510,20190513153621,1.85,16230.0,20190513
0045,ADH1005_target-aldmb2bfulfillment-10.2.2.PB2-SNAPSHOT__aLDMB2bFulfillmentCompactionJob_CompactionBatchApp,batch.compact,20190513173739,20190513173739,0.0,0.0,20190513
0004,ADH1005_datahub-real-time-publisher-10.2.2.PB2-SNAPSHOT_ongoing_RealTimePublisher_BulkWithoutLeadingPublisherApp,rtdp.ongoing,20190510150015,20190510150015,0.0,1231768.0,20190510
0038,ADH1005_datahub-real-time-publisher-10.2.2.PB2-SNAPSHOT_ongoing_RealTimePublisher_BulkWithoutLeadingPublisherApp,rtdp.ongoing,20190513154025,20190513154025,0.0,1231768.0,20190513
0008,ADH1005_target-aldmb2bfulfillment-10.2.2.PB2-SNAPSHOT__aLDMB2bFulfillmentCompactionJob_CompactionBatchApp,batch.compact,20190510153940,20190510153940,0.0,157427.0,20190510
0007,ADH1005_target-aldmb2bfulfillment-10.2.2.PB2-SNAPSHOT_ingest_aLDMB2bFulfillmentBatchIngestionJob_IngestionBatchApp,batch.ingest,20190510151505,20190510151505,0.0,157427.0,20190510
0005,ADH1005_datahub-real-time-publisher-10.2.2.PB2-SNAPSHOT_ongoing_RealTimePublisher_Bulk3WithoutLeadingPublisherApp,rtdp.ongoing,20190510150342,20190510150342,0.0,1619848.0,20190510
0016,ADH1005_datahub-real-time-publisher-10.2.2.PB2-SNAPSHOT_ongoing_RealTimePublisher_Bulk3WithoutLeadingPublisherApp,rtdp.ongoing,20190510173307,20190510173307,0.0,40363.0,20190510
0012,ADH1005_datahub-real-time-publisher-10.2.2.PB2-SNAPSHOT_ongoing_RealTimePublisher_Bulk3WithoutLeadingPublisherApp,rtdp.ongoing,20190510162018,20190510162018,0.0,40363.0,20190510
0039,ADH1005_datahub-real-time-publisher-10.2.2.PB2-SNAPSHOT_ongoing_RealTimePublisher_Bulk3WithoutLeadingPublisherApp,rtdp.ongoing,20190513154402,20190513154402,0.0,1619848.0,20190513
0002,ADH1005_source-odoref-10.2.2.PB2-SNAPSHOT_bulk_ODOREFBulkCollector_BulkLoadApp,collector.bulk,20190510145245,20190510145545,5.0,16230.0,20190510
0025,ADH1005_target-aldmb2bfulfillment-10.2.2.PB2-SNAPSHOT__aLDMB2bFulfillmentCompactionJob_CompactionBatchApp,batch.compact,20190510201738,20190510201738,0.0,0.0,20190510
0033,ADH1005_target-aldmb2bfulfillment-10.2.2.PB2-SNAPSHOT__aLDMB2bFulfillmentCompactionJob_CompactionBatchApp,batch.compact,20190513120618,20190513120618,0.0,157427.0,20190513
0088,ADH1005_target-aldmb2bfulfillment-10.2.2.PB2-SNAPSHOT__aLDMB2bFulfillmentCompactionJob_CompactionBatchApp,batch.compact,20190524124235,20190524124235,0.0,157427.0,20190524
0032,ADH1005_target-aldmb2bfulfillment-10.2.2.PB2-SNAPSHOT_ingest_aLDMB2bFulfillmentBatchIngestionJob_IngestionBatchApp,batch.ingest,20190513115518,20190513115518,0.0,157427.0,20190513
0087,ADH1005_target-aldmb2bfulfillment-10.2.2.PB2-SNAPSHOT_ingest_aLDMB2bFulfillmentBatchIngestionJob_IngestionBatchApp,batch.ingest,20190524123154,20190524123154,0.0,157427.0,20190524
0030,ADH1005_datahub-real-time-publisher-10.2.2.PB2-SNAPSHOT_ongoing_RealTimePublisher_Bulk3WithoutLeadingPublisherApp,rtdp.ongoing,20190513114418,20190513114418,0.0,1619848.0,20190513
0015,ADH1005_datahub-real-time-publisher-10.2.2.PB2-SNAPSHOT_ongoing_RealTimePublisher_Bulk3WithoutLeadingPublisherApp,rtdp.ongoing,20190510172713,20190510172713,0.0,40363.0,20190510
0082,ADH1005_source-odoref-10.2.2.PB2-SNAPSHOT_bulk_ODOREFBulkCollector_BulkLoadApp,collector.bulk,20190524121117,20190524121249,2.2,16230.0,20190524
0028,ADH1005_source-odoapp-10.2.2.PB2-SNAPSHOT_bulk_ODOAPPBulkCollector_BulkLoadApp,collector.bulk,20190513113752,20190513113951,3.316666666666667,1215538.0,20190513
0084,ADH1005_datahub-real-time-publisher-10.2.2.PB2-SNAPSHOT_ongoing_RealTimePublisher_BulkWithoutLeadingPublisherApp,rtdp.ongoing,20190524121719,20190524121719,0.0,1231768.0,20190524
0085,ADH1005_datahub-real-time-publisher-10.2.2.PB2-SNAPSHOT_ongoing_RealTimePublisher_Bulk3WithoutLeadingPublisherApp,rtdp.ongoing,20190524122104,20190524122104,0.0,1619848.0,20190524
0014,ADH1005_datahub-real-time-publisher-10.2.2.PB2-SNAPSHOT_ongoing_RealTimePublisher_Bulk3WithoutLeadingPublisherApp,rtdp.ongoing,20190510171630,20190510171630,0.0,40363.0,20190510
0029,ADH1005_datahub-real-time-publisher-10.2.2.PB2-SNAPSHOT_ongoing_RealTimePublisher_BulkWithoutLeadingPublisherApp,rtdp.ongoing,20190513114034,20190513114034,0.0,1231768.0,20190513
0027,ADH1005_source-odoref-10.2.2.PB2-SNAPSHOT_bulk_ODOREFBulkCollector_BulkLoadApp,collector.bulk,20190513113422,20190513113602,3.0,16230.0,20190513
0021,ADH1005_datahub-real-time-publisher-10.2.2.PB2-SNAPSHOT_ongoing_RealTimePublisher_Bulk3WithoutLeadingPublisherApp,rtdp.ongoing,20190510193909,20190510193909,0.0,40363.0,20190510
0024,ADH1005_target-aldmb2bfulfillment-10.2.2.PB2-SNAPSHOT__aLDMB2bFulfillmentCompactionJob_CompactionBatchApp,batch.compact,20190510194629,20190510194629,0.0,40363.0,20190510
0019,ADH1005_source-odoapp-10.2.2.PB2-SNAPSHOT_bulk_ODOAPPBulkCollector_BulkLoadApp,collector.bulk,20190510193625,20190510193633,0.13333333333333333,51588.0,20190510
0020,ADH1005_datahub-real-time-publisher-10.2.2.PB2-SNAPSHOT_ongoing_RealTimePublisher_BulkWithoutLeadingPublisherApp,rtdp.ongoing,20190510193708,20190510193708,0.0,52664.0,20190510
0023,ADH1005_target-aldmb2bfulfillment-10.2.2.PB2-SNAPSHOT_ingest_aLDMB2bFulfillmentBatchIngestionJob_IngestionBatchApp,batch.ingest,20190510194323,20190510194323,0.0,133092.0,20190510
