adh_audit_time_threshold_view.batch_id,adh_audit_time_threshold_view.application_name,adh_audit_time_threshold_view.component_type,adh_audit_time_threshold_view.start_dt,adh_audit_time_threshold_view.end_dt,adh_audit_time_threshold_view.duration_min,adh_audit_time_threshold_view.run_date
0083,ADH1005_source-odoapp-10.2.2.PB2-SNAPSHOT_bulk_ODOAPPBulkCollector_BulkLoadApp,collector.bulk,20190524121435,20190524121638,3.3833333333333333,20190524
0088,ADH1005_target-aldmb2bfulfillment-10.2.2.PB2-SNAPSHOT__aLDMB2bFulfillmentCompactionJob_CompactionBatchApp,batch.compact,20190524124235,20190524124235,0.0,20190524
0087,ADH1005_target-aldmb2bfulfillment-10.2.2.PB2-SNAPSHOT_ingest_aLDMB2bFulfillmentBatchIngestionJob_IngestionBatchApp,batch.ingest,20190524123154,20190524123154,0.0,20190524
0082,ADH1005_source-odoref-10.2.2.PB2-SNAPSHOT_bulk_ODOREFBulkCollector_BulkLoadApp,collector.bulk,20190524121117,20190524121249,2.2,20190524
0084,ADH1005_datahub-real-time-publisher-10.2.2.PB2-SNAPSHOT_ongoing_RealTimePublisher_BulkWithoutLeadingPublisherApp,rtdp.ongoing,20190524121719,20190524121719,0.0,20190524
0086,ADH1005_datahub-real-time-publisher-10.2.2.PB2-SNAPSHOT_ongoing_RealTimePublisher_ReferenceTablesPublisherApp,rtdp.ongoing,20190524122954,20190524122954,0.0,20190524
0085,ADH1005_datahub-real-time-publisher-10.2.2.PB2-SNAPSHOT_ongoing_RealTimePublisher_Bulk3WithoutLeadingPublisherApp,rtdp.ongoing,20190524122104,20190524122104,0.0,20190524
